Crawford Underpass Well ivan Circles scale collaborative e-business email-59.carlson-4b07-a9ee-b2ad37cab3d2 978-1-914148-55-2,"East Johnmouth Washington 53 WA 0-687-78293-71-75353-473-9 SNS-FSJE-161299280-7811-6683-7 bbe03856ead57b08f7335dcOe455b326United States Minor Outlying Islands Howell, Tuckerand Harvey","East Johnmouth Washington 53 WA 0-687-78293-71-75353-473-9 SNS-FSJE-161299280-7811-6683-7 bbe03856ead57b08f7335dcOe455b326United States Minor Outlying Islands Howell, Tuckerand Harvey",xdurham@simpson.com 30951 Higher Education 78% ronald77@stephenson.org blog/explore/explore/categories/app/search/tags/tags/main/list/search/tag/wp-content,xdurham@simpson.com 30951 Higher Education 78% ronald77@stephenson.org blog/explore/explore/categories/app/search/tags/tags/main/list/search/tag/wp-content,"Kevin Bentley 5113205 explore/tags/posts/tags/wp-content/app/blog/search/tag/blog/wp-content/tag/main Cancelled, please check error log, If it was due to 402 error code, please make a correction and try again with 712 dune code wp-content/categories/category/category/explore/app/tag/search/app/main/main/explore/categories/main/categories/tags/tag 4195398 9545 Salazar Cliffs DPO AP 61322 18.07.2019","Kevin Bentley 5113205 explore/tags/posts/tags/wp-content/app/blog/search/tag/blog/wp-content/tag/main Cancelled, please check error log, If it was due to 402 error code, please make a correction and try again with 712 dune code wp-content/categories/category/category/explore/app/tag/search/app/main/main/explore/categories/main/categories/tags/tag 4195398 9545 Salazar Cliffs DPO AP 61322 18.07.2019",2253 Mendoza Courts Unit 3825 Box 2602 12.02.2020 Lori Coleman ZGIM708731,2253 Mendoza Courts Unit 3825 Box 2602 12.02.2020 Lori Coleman ZGIM708731
MM01S1002542 Eduardo Flats Burg Angie Cove harness revolutionary e-commerce db-83.watson-smith-4702-9627-81fc4c4e6b96,"leebrett@castillo.com Lake Alexander Texas 48 72375 0-400-15538-90-669-00674-2 d16a4dOf66193beaeee3c7c208b6dcO5Holy See (Vatican City State) Rice, Martinez and Bell",52937 9384 16.05.2020 (211)825-8350x1541 Construction 32% SNS-TLDD-024413230-598-72640-3 15.02.2021 43:5453:5304:356 (901)840-3511 110 Architecture & Planning,ncedExcfi gater hn1Bmay ybe dowaded.Pleae try again with 58Gatewy code tocompe 834-376-6135x2303,001-855-598-6939 Paige Frank Joanne Bradshaw,category/blog/app/tags/category/app/search/posts/list/tags/search/tag/explore/tag/main/posts/main,608 Patel Pike 27 Anita Heights Apt.635,Raymond Frey,ACLI741312
978-1-80327-631-1 Lewis Drive Dam Cannon Gateway deliver rich web services srv-55.jones-manning-466d-b8de-ad552b9423aa MM01S1002544 Young Vista Hollow Lester Knoll strategize out-of-the-box web services,Michigan 26 1-58809-076-01-236-61084-9 Ob90566de5561bbac03be019d6189834China Dyer-Harrison East Evanport Missouri 29 MO,Imoore@hill-bernard.net 761 30 SNS-JCZI-406883750-7084-3401-0 01.10.2020 39:4936:7402:913 cynthia93@jones-lawrence.com 427-988-0032,dker@hess-savage.org tag/categories/posts/app/posts/main/app/search/list/blog/tag/category/tag/main/list/tags/list mallison@davis.com 763.778.2717x43336,Alexander Barajas,2254316 main/posts/tags/wp-content/categories/tags/blog/category/app/tags/explore/categories/list 6075696,"Unknown Error, please check the status. The program containing the error is terminated. Furthermore, the transaction is complete 83733 Sarah Corner Apt.161 South Andretown, WY 26979",08.06.2019 Walter Estes TPEW789607,Unnamed: 8_level_2
laptop-03.johns-luna-4ca4-b14-e83faf768 MM01S1002545 978-1-56913-222-7 Barbara Lane Drives Yolanda Neck empower integrated content,"0-410-19375-51-876410-11-6 Myers, Nelson and Patel New Lynnborough Louisiana 22 0-454-45665-41-65421-579-1",89410 SNS-DLLU-896265180-512-10177-9 42:4320:9046:695 Sonya14@castro.biz (081029-7784 LA 11121 995 2156,Government Administration 78% 26.07.2020 tags/search/tags/main/main/list/search/search/blog/category/blog/list/category/search/tag/app/app carolinemalone@escobar.com Computer Software 57%,847)998-6254 David Reyes category/wp-content/tag/category/posts/explore/category/search/list/explore/categories/categories/posts,3541303,"08.07.2019 Uploaded with error, This file is shareable, though some advanced features may be unavilable due to the size of this dataset. 9169 Debbie Shoal Suite 085 944 Smith Burgs Suite 155",Ricardo Wilson 01.05.2019,VWHQ878269
srv-98.martinez-4b1f-9d7d-bOa9a262deea MM01S1002546 978-1-07-613944-3 Linda Stravenue Forges Buck Drives,4891a420b4960e9b741f269c473af704El Salvador PratDecker and Wikerson Port Julie linois 17 n,SNS-XRRD-731834920-8440-8898-6 05.10.2020 74:7076:1276:417 tammyallen@mcpherson.com 54746,blog/search/blog/tag/explore/tags/app/search/app/app/categories/search/tag/categories/search/main/list 001-802-769-2835x08057 Education Management 50%,cartermorgan@graham-bailey.org explore/tag/posts/main/list/categories/main/posts/category/search/posts/search/tags,407.526.0933 Amber Dorsey,"Uploaded with error, No data could be extracted from this file the system monitor performs an automatic instance recovery. 3334141","Sandra Weiss 4927 Jason Square West Kendraport, WA 75542 30.06.2019",DCXZ685456
re-contextualize mission-critical info-mediaries desktop-20.gomez-4064-9d77-a823db92354c MM01S1002547 978-0-269-96906-5 Steven Meadow Turnpike Velazquez Club,"0-85812-102-60-7102-4465-7 a8d6fcf292dfOadc8752392e4ccba5eONetherlands Antilles Mann, Hoover and Cooper North Jacob Alaska 2 AK",SNS-WUUU-462424451-4601-8653-2 jenniferscott@henson.net 084-007-4065 7663 33,05.02.2021 25:8360:9219:412 cooktammy@nelson-hart.net Staffing And Recruiting,blog/categories/explore/search/category/list/wp-content/tag/blog/explore/posts/explore/tags/app/tag/tags/list 669.549.3814 category/blog/wp-content/tag/search/explore/tag/posts/list/tags/category/tag/category,"Uploaded with error, This file is shareable, though some advanced features may be unavailable due to its size. Collin Reeves 3206031",5204 Cantrell Plaza Suite 330 3060 Webb Vista,Dominic Gutierrez 04.02.2020,SLAJ522096
strategize next-generation deliverables It-09.wolf-4f41-b3e7-983494dOa04c 978-1-221-76208-3,"1-83544-422-91-293-48126-2 feca798de15362e8cfod2eaaPhilipines Perkins, Stanley and Hammond MO",SNS-KFMW-S17907320-404-65448-7 12:2437:9040:527 brenda20@warren-myers.org,11.01.2021 category/search/app/categories/explore/app/posts/blog/app/app/posts/wp-content/app/blog/posts/tag/app 8023599760 peter78@tucker.net,+1-768-736-8221x5763,"Uploaded with error, This file is shareable, though some advanced features may be unavailable due to the size of this dataset. Valerie Khan 2201428",Unnamed: 6_level_6,"1890 Deborah Gardens Port Christina, VA 99596",Summer Rios HVBG749031
Roy Crossing Mission Arroyo Lake seize one-to-one methodologies It-54.brown-decker-4704-96ff-1d4215314cdc,Davidhaven Missouri 29 0-277-37061-20-14-492336-X 872beb39ba8313da32f85293a95b0885Netherlands,15468 Oil&Energy SNS-XKTE-097517490-07-105386-7 15.03.2021,54%,"Uploaded with error, This file type greater than 100MB can only be downloaded. tags/search/main/category/explore/category/list/list/explore/tag/list/blog/posts/blog/categories/search/search",blog/tag/categories/search/blog/wp-content/blog/blog/posts/main/tags/category/posts,10.10.2019 Gloria Mccormick VYNZ400258,Unnamed: 7_level_7,Unnamed: 8_level_7
MM01S1002549 978-1-908348-11-1 Larson Meadow Spur Raven Gateway optimize user-centric vortals It-79.wiggins-4aba-aeef-2eGedbefcOa9,Randolph-Coleman West Carol Delaware 10 0-7420-2131-91-4387-2307-5 976b3acc77a4a1f3694b01146ac6cac3Colombia,qmiller@ jones.biz 655-202-4069 4935 68 127 SNS-LSJQ-476699551-86594-804-7 19.11.2020 33:7743:9977:601,"paulcalhoun@duke-vincent.com 536163-2754 49% Status not retrieving, please check master log path for more errors app/categories/blog/tag/main/main/tags/wp-content/blog/search/main/categories/category/categories/app/app/blog",Carrie Marsh,4859387 wp-content/category/tag/categories/blog/category/explore/tags/tag/posts/posts/app/tag Erin Rowe,150 Thomas Spring Suite 406 6411 Cooper Loaf Suite 574 XAUY806117,30.03.2020,Unnamed: 8_level_8
MM01S1002550 978-1-63585-314-8 Moore Falls Parkway Huerta Wall transition virtual metrics laptop-91.caroll-475a-a7d8-17810eac8f17,Lewis-Rogers Lake Justin Mississippi 28 SNS-RISY-611477840-9548476-2-8 da839784e12a7c3a8d79d18beafc7a53Saint Vincent and the Grenadines,ounderwood@sanchez-nguyen.com 001-151-132-8036x81833 68851 2185 4507 30.06.2020,"donna74@johnson.com Building Materials 64% Uploaded without erors, statement eror occurs when an error in executing a database statement occurs in a running program. 96:7622:5570:484",9424246511 Kyle Miller,3042703,"391 Jessica Ridge Suite 092 South Kevin, HI 51992 posts/categories/wp-content/wp-content/search/tags/categories/explore/main/search/posts/app/tags main/tag/category/app/tag/explore/app/posts/search/categores/w-content/is/app/explore/tag/main/list",13.05.2019 James Wright,RWKN830079
,,,,,,,,
,,,,,,,,
,,,,,,,,
,,,,,,,,
,,,,,,,,
,,,,,,,,
,,,,,,,,
,,,,,,,,
,,,,,,,,
,,,,,,,,
,,,,,,,,
,,,,,,,,
,,,,,,,,
,,,,,,,,
,,,,,,,,
,,,,,,,,
,,,,,,,,
,,,,,,,,
,,,,,,,,
,,,,,,,,
,,,,,,,,
,,,,,,,,
,,,,,,,,
,,,,,,,,
,,,,,,,,
,,,,,,,,
,,,,,,,,
,,,,,,,,
,,,,,,,,
,,,,,,,,
,,,,,,,,
,,,,,,,,
,,,,,,,,
