0,1,2,3,4,5,6,7,8
4339 Andrew,Forges Apt 495 900 Stanton Row,,,,,,,
8213026685,Tanner Lamb,5267290,content,27.03.2020,SACN45O134,,,
bertschristine @blackwellcom,content/posts/wp-content/wp-content/wP,recovery,Arthur Brady,,,,,
wagner net,482.180.0676*405,categ,rories/aPp /blog/search/posts/tag/list/main/wth,system,monitor performs an automatic instance,,,
Powers-Anthony,bryanharrington@,Education Management,58%,data could be extracted from this file the,content/posts/blog,,,
MMO1S1O02501,978-1-72306-020-5,UT,73414,11.12.2020,Uploaded,with,"error, No",~content/tag/posts/tag/wp
Keys,Woodborough,Utah,SNS-WBWS-203616270-7834-7791-0,categolodposts/tag/tags/app/category category/tag/app/tag/wp,,,,
Eric Ways,Fields Joann,1-64484-141-X1-4324-5366 -,95.8952.5966.993,"Alicia Pass New Justinstad, NM 24220",,,,
disintermediate proactive convergence,63384f3081c525f7a0973c3b3ced4897Tokelau,543183,63117,27.10.2019,,,,
cunningham-4668-89db-37faa5f9ccca,+1-109-519-1774*969,Raymond Glenn,categ,ories/explore/categories/posts,Melissa Herman,QLZR537373,,
desktop-51.ware,186-880-3702,carriel7@woodscom,list/categories/list/wp,content/expiore/search/explorelsraxch/yabegory/ailable,due to the size of this dataset:,,,
Morales-Shaffer,sandersbrendan@avila.com,Human,Resources,48%,some,advanced features may be,,
978-,-4956-3695-0,78676,129,267,Uploaded,"with error, This file is shareable, though",/tags/app/tag/tags,
MMO1S1002502,Padillafurt,Idaho 16,13.06.2020,content/aPp/tag/tags/tag/list/tags/posts/tags/explorer,,,,
Madison,Divide Turnpike Shawna Crest,6534-3,SNS-UGHY-866703221-82712-063-0,app/search/list/wp,166 Kline Key,,,
1-67446-614-50-7640,47.9366.4748.377,5173920,49251 Mendez Wall,,,,,
monetize best-of-breed solutions,fdf1l3e3c8807e9f92a4787b7f001celMyanmar,9881*52722,Lisa Martinez DDS,21.09.2019,,,,
68.chen-49a9-9d39-=,-5248eb0522df,"melinda95@ sanders,org",001-231-983,/blog/search/tags/posts/wp-content/blog/WDe,,,,
laptop-,(188)265-5628x6454,"""rearch/main/explore/blog /category/caregooney/",Teresa Waters,HWDZ839127,,,,
Gomez-Hobbs,tmarquez@,howard.org,Computer Software,77%,than 1O0MB may only be,downloaded:,,
MMO1S1O02503,978-1-76158-858-7,96703,"Uploaded with error, Excel files",greater=,content/tag/wp-content/app/tag/blog,,,
Spurs,Robertside,Hawaii,-298837571-81699-002-7,24.08.2020,category/category/tags/list/category/wp,ND 30597,,
Green Flats Common Hayley,65200_,61-77481-795-0,SNS-ZEYT-,32.2604.8033.939,app/main/blog/tag/tag/search/,2723 Smith Crest Apt: 002 Parkerbury,,
ower revolutionary models,663,fdz5fee2b3c7b78cd8113332ef5oda7bHaiti,Susan Humphrey,3753389,24.05.2019,,,
empe,gturner@booker:com,9867031983,rontent/posts/blog/tags/categories/search daploee,SXMR655436,,,,
srw-84.lucero-walls-48a2-8cac-Bd7gbeed3cb6,(870)316-0396*37072,content/main/wp,of this dataset:,Colton Farley,,,,
Pattersonpriscilla@allen-arnold,com,69%,explore/tags/tag/tags/wp,unavailable due to the size,,,,
"Wallace,",Gomez and Silva,85458,Online Media,"shareable, though some advanced features may",content/blog/tag/search,,,
MMO1S1002504,978-1-5349-9224-5,North Carolina 37,NC,Uploaded with error This file is,-content/tags/app/blog/wp-content/wp,,,
Crossroad Freeway Rasmussen Light ,Stevenland,SNS-FWNT-527731150-913573-67-1,24.07.2020,tazegory/main/blog/main/app/category/list/list/wp,,,,
Scott,~80000-970-40-636-62470-6,41:3412.3690.238,Ford Suite 713 4014 Derrick Fields,,,,,
morph,visionary interfaces,46e9516alcc7d2f8626591949d7b04bOIndonesia,Price,3399297,85820,Hamilton,,
72martinez-rojas-4Dae-bcf6-Oe37bcO7caa5,814.763.,5412*123,Dana,lore /posts/main,10.12.2019,UBKM878052,,
db-,356-095-3114*0962,jromero,@rivas.org,posts/search/search/tags/app/tag/list/tag /categoeyldvanced ',unavailable due to its size.,Tammy Garza,,
Estes-Sanders,gillbrett@ franco.com,Food Production,73%,"shareable, though some advanced features may",'explore/blog/app,,,
MMO1S1O025O5,978-1-82951-352-0,MI,20676,192,"Uploaded with error, This file is",content/list/app/explore/posts/list/tags/,,
Colleenland,Michigan 26,GMES-348080060-88806-950 -=,27.10.2020,content/main/category/posts/explore/app/wp,"Dana, VA 79796",,,
Lisa Falls Pine Alvin,Walks,0-10-360317-41-63301-161-5,SNS-C,56.3780.4957:135,tag/Wp,75616 Jones Causeway,North,
unleash value-added deliverables,6561cbefa4ba646cc56af90557a93cf8sudan,David Cooper DDS,9176693,24.12.2019,,,,
5182f73ac205,593.686.C,0780*39270,content/tag/categories/main/search,,,,,
db-41.sanchez,santiago-417a-9b8a-,679.077.0614*5614,arobertson@sanderscom,"""exelore app/app/categories/posts/main/posts/tagaleri",,,,
wendyjohnson@ =,chambers com,42%,Valerie Hahn,AQWN37153O,,,,
Weber-Hernandez,47459,Banking,log,path for more errors,content/tag/tag/main/tags,,,
MMO1S1002506,978-1-108-30136-7,New,Hampshire 33,NH,2020,Status not retrieving; please check master,riesblog/blog/main/category/posts/posts/main/wp,
Gardens Locks Booth Forest,Rodriguezland,SNS-TCIF-921208781-,9738 -,3781-1,31.08.,categories/tags/explore/search/categor,,
Desiree,0-10-574182-50-224-58304-2,72.9270.6224.795,592 Matthew Cove,,,,,
monetize killer applications,5ec32176144be50873ffe244da441639Samoa,Valerie Miles,9738295,205 King Burg,/aPp/main/categories/main,08.11.2019,KMut525972,
It-22.harper,Peterson-4fOd-8936-74f1257f6bc9,pclark@arroyo.com,+1-775-454-6030,content/explore/tag/explore/categories/,transaction is,complete,Brenda Miller,
2661842632,27%,main/posts/tag/main/wP,containing the error Is terminated. Furthermore;,the,,,,
Watson-Gonzales,katelynpena@wallace.com,1835,Hospital &,Health Care,Error; please check the status The program,lore/category/search/category/catege,ories,
MMO1S1002507,978-0-8088-2615-6,VA,98635,1098,Unknown,tentent/tag/categories/tag/explore/categories/tag/expl,,
Blairport,Virginia 51,114-81704-X,10.04.2021,,,,,
Wendy Tunnel Centers Carly Rapids,971204-28-5,SNS-LIQG-093796751 -,tags/search/wp-content/list/main/wp,Fields,Apt:,750 South Conniefurt; AR 15549,,
experiences,0-447-79305-51,Tunisia,32.2361.9160.877,7935573,406 Rachel,,,
whiteboard world-class,a7cfca9a0043b51e2ad728ca2d76cf39,+1-934-359-1725*22699,Mariah Pugh,ory/blog/list/tag,21.06.2019,,,
web-85.ramos-44ed-b99a-bbb8oc69alfa,lutzlindsay@carlson.com,Kristi Santiago,CVNZ671693,,,,,
181,-029-6696,Gtegoricx/9gs/ag-/zpiorefctegoric / acch /nonneperooy/tagncatoye,performs an automatic instance,recovery,,,,
Burns and Blair,brianrivera@herrera info,Higher Education,28%,monitor,content/categories/posts/main/blog/search,,,
978-,1-75247-017-4,Myers_,CA,4283,236,293,could be extracted from this file the system,content/posts/categories/wp
MMO1S1O02508,Penningtonmouth,California 6,28.05.2020,"Uploaded with error, No data",rcontent/list/main /blog/categories/tags/category/tag/wp,,,
Moyer,Port Fork Buckley Loaf,SNS-GKDD,-508238610-18-396035-1,25.4852.8606.585,WP,847 Braun Hollow Suite,528 514 Jared Lock,
engineer dynamic ROI,1-4114-3474-91-328-54518-0,726e70581d4d2cf965b49cad96e4b33cPalestinian,Territory,Greg Rojas MD,9717154,27.07.2019,,
sjackson-4829-99ff-57ed6d9b35c5,margaret13@clay-rodriguez info,7812492885,zanzent/posts/Bos9s/0p-content/main/categories/categries omand Zanup,Shannon Weeks,ZQVA647681,,,
web-36,302-636,9232*14250,explore/tag/posts/app/tag/wp-=,Restart the database with the,,,,
Patton and Duncan,sara03@austin.com,Airlines/Aviation,36%,and,correct,the,problem.,
978-,271-03531-4,Wilson _,61409,failed records count: Analyze,content/tags/wp-content/list/search,,,
MMO1S1002509,Garyfort,South Carolina 45,09.07.2020,appiplerdh/expioretor dN/appmsinfbloglmainfexplore/search/posts/applwp,Uploaded with error.,,,
Weiss Burg Island Alvin Pines,-487-9,SNS,Qxyy,-517428021-905646-06-2,"Prairie Fieldsport, GA 73567",,,
e-tailers,1-316-08151-61-84609,69.9203.1242.811,2795432,87401 Randall,,,,
engage revolutionary,8bf8fee64540597e0563400946048885Sudan,273.557.4064,Mr. Shawn Cummings,11.09.2019,,,,
desktop-86.copeland-4b7e-aa3d,6bb84c20148a,mmurphy@reyescom,Tontentfexplore/blog/category/list/tag/po_iamafapfortd,,,,,
bs@garcia info,+1-504-234-1183*0868,Diana,VFBQ733080,,,,,
"Watkins, Matthews and Hebert",ycom,Materials,31%,app/posts/categGeieh/ dgs/multoleetimes for same error,log,request,ories/search/list/posts/tag,
978-0,-461-75786-6,16004,Building,"Link broken, cannot fetch data",Iposts/main/search/search/categs,,,
MMO1S1O0251O,Shanefurt,Hawaii 15,67633-923-X,04.11.2020,Source,lore/tag/search/explore/app=,,
Emily Glen Parks Malone Pike,SNS-XDEN-452118731-,91.9119.7286:118,WP-,-content/blog/tags/,expi,,,
8078-3287-10,86230-601-9,4f60d48731052284b463f890024aezfdSuriname,,,,,,
transition killer paradigms,4677-85b9-54626524670b,,,,,,,
email-,01.montoya,brown,,,,,,
